[
{
  "model": "tickets.ticket",
  "pk": 2,
  "fields": {
    "creator": 1,
    "name": "Math questions",
    "description": ""
  }
},
{
  "model": "tickets.ticket",
  "pk": 3,
  "fields": {
    "creator": 1,
    "name": "Test Ticket",
    "description": ""
  }
},
{
  "model": "tickets.question",
  "pk": 1,
  "fields": {
    "ticket": 2,
    "question_text": "1 + 1 =",
    "correct_answer": 1
  }
},
{
  "model": "tickets.question",
  "pk": 2,
  "fields": {
    "ticket": 2,
    "question_text": "5 * 5 =",
    "correct_answer": 5
  }
},
{
  "model": "tickets.question",
  "pk": 3,
  "fields": {
    "ticket": 2,
    "question_text": "9 / 3 =",
    "correct_answer": 9
  }
},
{
  "model": "tickets.question",
  "pk": 4,
  "fields": {
    "ticket": 2,
    "question_text": "22 - 18 =",
    "correct_answer": 13
  }
},
{
  "model": "tickets.question",
  "pk": 5,
  "fields": {
    "ticket": 2,
    "question_text": "11 * 11 =",
    "correct_answer": 17
  }
},
{
  "model": "tickets.question",
  "pk": 6,
  "fields": {
    "ticket": 3,
    "question_text": "question 1",
    "correct_answer": 21
  }
},
{
  "model": "tickets.question",
  "pk": 7,
  "fields": {
    "ticket": 3,
    "question_text": "question 2",
    "correct_answer": 25
  }
},
{
  "model": "tickets.question",
  "pk": 8,
  "fields": {
    "ticket": 3,
    "question_text": "question 3",
    "correct_answer": 29
  }
},
{
  "model": "tickets.question",
  "pk": 9,
  "fields": {
    "ticket": 3,
    "question_text": "question 4",
    "correct_answer": 33
  }
},
{
  "model": "tickets.question",
  "pk": 10,
  "fields": {
    "ticket": 3,
    "question_text": "question 5",
    "correct_answer": 37
  }
},
{
  "model": "tickets.answer",
  "pk": 1,
  "fields": {
    "question": 1,
    "answer_text": "2"
  }
},
{
  "model": "tickets.answer",
  "pk": 2,
  "fields": {
    "question": 1,
    "answer_text": "1"
  }
},
{
  "model": "tickets.answer",
  "pk": 3,
  "fields": {
    "question": 1,
    "answer_text": "3"
  }
},
{
  "model": "tickets.answer",
  "pk": 4,
  "fields": {
    "question": 1,
    "answer_text": "4"
  }
},
{
  "model": "tickets.answer",
  "pk": 5,
  "fields": {
    "question": 2,
    "answer_text": "25"
  }
},
{
  "model": "tickets.answer",
  "pk": 6,
  "fields": {
    "question": 2,
    "answer_text": "55"
  }
},
{
  "model": "tickets.answer",
  "pk": 7,
  "fields": {
    "question": 2,
    "answer_text": "55555"
  }
},
{
  "model": "tickets.answer",
  "pk": 8,
  "fields": {
    "question": 2,
    "answer_text": "5"
  }
},
{
  "model": "tickets.answer",
  "pk": 9,
  "fields": {
    "question": 3,
    "answer_text": "3"
  }
},
{
  "model": "tickets.answer",
  "pk": 10,
  "fields": {
    "question": 3,
    "answer_text": "93"
  }
},
{
  "model": "tickets.answer",
  "pk": 11,
  "fields": {
    "question": 3,
    "answer_text": "39"
  }
},
{
  "model": "tickets.answer",
  "pk": 12,
  "fields": {
    "question": 3,
    "answer_text": "9"
  }
},
{
  "model": "tickets.answer",
  "pk": 13,
  "fields": {
    "question": 4,
    "answer_text": "4"
  }
},
{
  "model": "tickets.answer",
  "pk": 14,
  "fields": {
    "question": 4,
    "answer_text": "6"
  }
},
{
  "model": "tickets.answer",
  "pk": 15,
  "fields": {
    "question": 4,
    "answer_text": "2"
  }
},
{
  "model": "tickets.answer",
  "pk": 16,
  "fields": {
    "question": 4,
    "answer_text": "-4"
  }
},
{
  "model": "tickets.answer",
  "pk": 17,
  "fields": {
    "question": 5,
    "answer_text": "121"
  }
},
{
  "model": "tickets.answer",
  "pk": 18,
  "fields": {
    "question": 5,
    "answer_text": "111"
  }
},
{
  "model": "tickets.answer",
  "pk": 19,
  "fields": {
    "question": 5,
    "answer_text": "1221"
  }
},
{
  "model": "tickets.answer",
  "pk": 20,
  "fields": {
    "question": 5,
    "answer_text": "110"
  }
},
{
  "model": "tickets.answer",
  "pk": 21,
  "fields": {
    "question": 6,
    "answer_text": "correct"
  }
},
{
  "model": "tickets.answer",
  "pk": 22,
  "fields": {
    "question": 6,
    "answer_text": "wrong1"
  }
},
{
  "model": "tickets.answer",
  "pk": 23,
  "fields": {
    "question": 6,
    "answer_text": "wrong2"
  }
},
{
  "model": "tickets.answer",
  "pk": 24,
  "fields": {
    "question": 6,
    "answer_text": "wrong3"
  }
},
{
  "model": "tickets.answer",
  "pk": 25,
  "fields": {
    "question": 7,
    "answer_text": "correct"
  }
},
{
  "model": "tickets.answer",
  "pk": 26,
  "fields": {
    "question": 7,
    "answer_text": "wrong1"
  }
},
{
  "model": "tickets.answer",
  "pk": 27,
  "fields": {
    "question": 7,
    "answer_text": "wrong2"
  }
},
{
  "model": "tickets.answer",
  "pk": 28,
  "fields": {
    "question": 7,
    "answer_text": "wrong3"
  }
},
{
  "model": "tickets.answer",
  "pk": 29,
  "fields": {
    "question": 8,
    "answer_text": "correct"
  }
},
{
  "model": "tickets.answer",
  "pk": 30,
  "fields": {
    "question": 8,
    "answer_text": "wrong1"
  }
},
{
  "model": "tickets.answer",
  "pk": 31,
  "fields": {
    "question": 8,
    "answer_text": "wrong2"
  }
},
{
  "model": "tickets.answer",
  "pk": 32,
  "fields": {
    "question": 8,
    "answer_text": "wrong3"
  }
},
{
  "model": "tickets.answer",
  "pk": 33,
  "fields": {
    "question": 9,
    "answer_text": "correct"
  }
},
{
  "model": "tickets.answer",
  "pk": 34,
  "fields": {
    "question": 9,
    "answer_text": "wrong1"
  }
},
{
  "model": "tickets.answer",
  "pk": 35,
  "fields": {
    "question": 9,
    "answer_text": "wrong2"
  }
},
{
  "model": "tickets.answer",
  "pk": 36,
  "fields": {
    "question": 9,
    "answer_text": "wrong3"
  }
},
{
  "model": "tickets.answer",
  "pk": 37,
  "fields": {
    "question": 10,
    "answer_text": "correct"
  }
},
{
  "model": "tickets.answer",
  "pk": 38,
  "fields": {
    "question": 10,
    "answer_text": "wrong1"
  }
},
{
  "model": "tickets.answer",
  "pk": 39,
  "fields": {
    "question": 10,
    "answer_text": "wrong2"
  }
},
{
  "model": "tickets.answer",
  "pk": 40,
  "fields": {
    "question": 10,
    "answer_text": "wrong3"
  }
}
]
