[
{
  "model": "tickets.ticket",
  "pk": 1,
  "fields": {
    "creator": 2,
    "name": "Math",
    "description": "Simple math questions",
    "created_at": "2020-12-07T18:58:23.866Z"
  }
},
{
  "model": "tickets.ticket",
  "pk": 2,
  "fields": {
    "creator": 2,
    "name": "Test Ticket",
    "description": "Simple questions to check the correctness of the test.",
    "created_at": "2020-12-07T19:00:39.567Z"
  }
},
{
  "model": "tickets.question",
  "pk": 1,
  "fields": {
    "ticket": 1,
    "question_text": "1 + 1 =",
    "correct_answer": 1
  }
},
{
  "model": "tickets.question",
  "pk": 2,
  "fields": {
    "ticket": 1,
    "question_text": "24 * 12 = ",
    "correct_answer": 5
  }
},
{
  "model": "tickets.question",
  "pk": 3,
  "fields": {
    "ticket": 1,
    "question_text": "156 / 13 =",
    "correct_answer": 9
  }
},
{
  "model": "tickets.question",
  "pk": 4,
  "fields": {
    "ticket": 1,
    "question_text": "176 - 39 =",
    "correct_answer": 13
  }
},
{
  "model": "tickets.question",
  "pk": 5,
  "fields": {
    "ticket": 1,
    "question_text": "325 / 25 =",
    "correct_answer": 17
  }
},
{
  "model": "tickets.question",
  "pk": 6,
  "fields": {
    "ticket": 1,
    "question_text": "165 + 17 =",
    "correct_answer": 21
  }
},
{
  "model": "tickets.question",
  "pk": 7,
  "fields": {
    "ticket": 2,
    "question_text": "Question 1",
    "correct_answer": 25
  }
},
{
  "model": "tickets.question",
  "pk": 8,
  "fields": {
    "ticket": 2,
    "question_text": "Question 2",
    "correct_answer": 29
  }
},
{
  "model": "tickets.question",
  "pk": 9,
  "fields": {
    "ticket": 2,
    "question_text": "Question 3",
    "correct_answer": 33
  }
},
{
  "model": "tickets.question",
  "pk": 10,
  "fields": {
    "ticket": 2,
    "question_text": "Question 4",
    "correct_answer": 37
  }
},
{
  "model": "tickets.question",
  "pk": 11,
  "fields": {
    "ticket": 2,
    "question_text": "Question 5",
    "correct_answer": 41
  }
},
{
  "model": "tickets.answer",
  "pk": 1,
  "fields": {
    "question": 1,
    "answer_text": "2"
  }
},
{
  "model": "tickets.answer",
  "pk": 2,
  "fields": {
    "question": 1,
    "answer_text": "1"
  }
},
{
  "model": "tickets.answer",
  "pk": 3,
  "fields": {
    "question": 1,
    "answer_text": "11"
  }
},
{
  "model": "tickets.answer",
  "pk": 4,
  "fields": {
    "question": 1,
    "answer_text": "1"
  }
},
{
  "model": "tickets.answer",
  "pk": 5,
  "fields": {
    "question": 2,
    "answer_text": "288"
  }
},
{
  "model": "tickets.answer",
  "pk": 6,
  "fields": {
    "question": 2,
    "answer_text": "264"
  }
},
{
  "model": "tickets.answer",
  "pk": 7,
  "fields": {
    "question": 2,
    "answer_text": "312"
  }
},
{
  "model": "tickets.answer",
  "pk": 8,
  "fields": {
    "question": 2,
    "answer_text": "320"
  }
},
{
  "model": "tickets.answer",
  "pk": 9,
  "fields": {
    "question": 3,
    "answer_text": "12"
  }
},
{
  "model": "tickets.answer",
  "pk": 10,
  "fields": {
    "question": 3,
    "answer_text": "22"
  }
},
{
  "model": "tickets.answer",
  "pk": 11,
  "fields": {
    "question": 3,
    "answer_text": "8"
  }
},
{
  "model": "tickets.answer",
  "pk": 12,
  "fields": {
    "question": 3,
    "answer_text": "14,5"
  }
},
{
  "model": "tickets.answer",
  "pk": 13,
  "fields": {
    "question": 4,
    "answer_text": "137"
  }
},
{
  "model": "tickets.answer",
  "pk": 14,
  "fields": {
    "question": 4,
    "answer_text": "127"
  }
},
{
  "model": "tickets.answer",
  "pk": 15,
  "fields": {
    "question": 4,
    "answer_text": "125"
  }
},
{
  "model": "tickets.answer",
  "pk": 16,
  "fields": {
    "question": 4,
    "answer_text": "142"
  }
},
{
  "model": "tickets.answer",
  "pk": 17,
  "fields": {
    "question": 5,
    "answer_text": "13"
  }
},
{
  "model": "tickets.answer",
  "pk": 18,
  "fields": {
    "question": 5,
    "answer_text": "15"
  }
},
{
  "model": "tickets.answer",
  "pk": 19,
  "fields": {
    "question": 5,
    "answer_text": "11"
  }
},
{
  "model": "tickets.answer",
  "pk": 20,
  "fields": {
    "question": 5,
    "answer_text": "16"
  }
},
{
  "model": "tickets.answer",
  "pk": 21,
  "fields": {
    "question": 6,
    "answer_text": "182"
  }
},
{
  "model": "tickets.answer",
  "pk": 22,
  "fields": {
    "question": 6,
    "answer_text": "172"
  }
},
{
  "model": "tickets.answer",
  "pk": 23,
  "fields": {
    "question": 6,
    "answer_text": "192"
  }
},
{
  "model": "tickets.answer",
  "pk": 24,
  "fields": {
    "question": 6,
    "answer_text": "207"
  }
},
{
  "model": "tickets.answer",
  "pk": 25,
  "fields": {
    "question": 7,
    "answer_text": "+"
  }
},
{
  "model": "tickets.answer",
  "pk": 26,
  "fields": {
    "question": 7,
    "answer_text": "-"
  }
},
{
  "model": "tickets.answer",
  "pk": 27,
  "fields": {
    "question": 7,
    "answer_text": "-"
  }
},
{
  "model": "tickets.answer",
  "pk": 28,
  "fields": {
    "question": 7,
    "answer_text": "-"
  }
},
{
  "model": "tickets.answer",
  "pk": 29,
  "fields": {
    "question": 8,
    "answer_text": "+"
  }
},
{
  "model": "tickets.answer",
  "pk": 30,
  "fields": {
    "question": 8,
    "answer_text": "-"
  }
},
{
  "model": "tickets.answer",
  "pk": 31,
  "fields": {
    "question": 8,
    "answer_text": "-"
  }
},
{
  "model": "tickets.answer",
  "pk": 32,
  "fields": {
    "question": 8,
    "answer_text": "-"
  }
},
{
  "model": "tickets.answer",
  "pk": 33,
  "fields": {
    "question": 9,
    "answer_text": "+"
  }
},
{
  "model": "tickets.answer",
  "pk": 34,
  "fields": {
    "question": 9,
    "answer_text": "-"
  }
},
{
  "model": "tickets.answer",
  "pk": 35,
  "fields": {
    "question": 9,
    "answer_text": "-"
  }
},
{
  "model": "tickets.answer",
  "pk": 36,
  "fields": {
    "question": 9,
    "answer_text": "-"
  }
},
{
  "model": "tickets.answer",
  "pk": 37,
  "fields": {
    "question": 10,
    "answer_text": "+"
  }
},
{
  "model": "tickets.answer",
  "pk": 38,
  "fields": {
    "question": 10,
    "answer_text": "-"
  }
},
{
  "model": "tickets.answer",
  "pk": 39,
  "fields": {
    "question": 10,
    "answer_text": "-"
  }
},
{
  "model": "tickets.answer",
  "pk": 40,
  "fields": {
    "question": 10,
    "answer_text": "-"
  }
},
{
  "model": "tickets.answer",
  "pk": 41,
  "fields": {
    "question": 11,
    "answer_text": "+"
  }
},
{
  "model": "tickets.answer",
  "pk": 42,
  "fields": {
    "question": 11,
    "answer_text": "-"
  }
},
{
  "model": "tickets.answer",
  "pk": 43,
  "fields": {
    "question": 11,
    "answer_text": "-"
  }
},
{
  "model": "tickets.answer",
  "pk": 44,
  "fields": {
    "question": 11,
    "answer_text": "-"
  }
},
{
  "model": "tickets.ticketpassing",
  "pk": 1,
  "fields": {
    "author": 2,
    "ticket": 2,
    "passed_at": "2020-12-07T19:01:30.570Z"
  }
},
{
  "model": "tickets.ticketpassing",
  "pk": 2,
  "fields": {
    "author": 2,
    "ticket": 2,
    "passed_at": "2020-12-07T19:02:06.914Z"
  }
},
{
  "model": "tickets.ticketpassing",
  "pk": 3,
  "fields": {
    "author": 2,
    "ticket": 2,
    "passed_at": "2020-12-07T19:02:20.246Z"
  }
},
{
  "model": "tickets.ticketpassinganswer",
  "pk": 1,
  "fields": {
    "ticket_passing": 1,
    "answer": 25
  }
},
{
  "model": "tickets.ticketpassinganswer",
  "pk": 2,
  "fields": {
    "ticket_passing": 1,
    "answer": 29
  }
},
{
  "model": "tickets.ticketpassinganswer",
  "pk": 3,
  "fields": {
    "ticket_passing": 1,
    "answer": 33
  }
},
{
  "model": "tickets.ticketpassinganswer",
  "pk": 4,
  "fields": {
    "ticket_passing": 1,
    "answer": 37
  }
},
{
  "model": "tickets.ticketpassinganswer",
  "pk": 5,
  "fields": {
    "ticket_passing": 1,
    "answer": 41
  }
},
{
  "model": "tickets.ticketpassinganswer",
  "pk": 6,
  "fields": {
    "ticket_passing": 2,
    "answer": 27
  }
},
{
  "model": "tickets.ticketpassinganswer",
  "pk": 7,
  "fields": {
    "ticket_passing": 2,
    "answer": 30
  }
},
{
  "model": "tickets.ticketpassinganswer",
  "pk": 8,
  "fields": {
    "ticket_passing": 2,
    "answer": 36
  }
},
{
  "model": "tickets.ticketpassinganswer",
  "pk": 9,
  "fields": {
    "ticket_passing": 2,
    "answer": 40
  }
},
{
  "model": "tickets.ticketpassinganswer",
  "pk": 10,
  "fields": {
    "ticket_passing": 2,
    "answer": 43
  }
},
{
  "model": "tickets.ticketpassinganswer",
  "pk": 11,
  "fields": {
    "ticket_passing": 3,
    "answer": 25
  }
},
{
  "model": "tickets.ticketpassinganswer",
  "pk": 12,
  "fields": {
    "ticket_passing": 3,
    "answer": 29
  }
},
{
  "model": "tickets.ticketpassinganswer",
  "pk": 13,
  "fields": {
    "ticket_passing": 3,
    "answer": 33
  }
},
{
  "model": "tickets.ticketpassinganswer",
  "pk": 14,
  "fields": {
    "ticket_passing": 3,
    "answer": 37
  }
},
{
  "model": "tickets.ticketpassinganswer",
  "pk": 15,
  "fields": {
    "ticket_passing": 3,
    "answer": 44
  }
}
]
